City_ID,City,Country,Lat,Lng,Max Temp,Humidity,Cloudiness,Wind Speed,Description
0,Raudeberg,NO,61.9875,5.1352,56.19,60,100,7.7,overcast clouds
1,Hasaki,JP,35.7333,140.8333,63.28,80,100,6.62,overcast clouds
2,Oriximina,BR,-1.7656,-55.8661,90.93,45,84,2.28,broken clouds
3,San Patricio,US,28.017,-97.5169,86.72,57,8,13.58,clear sky
4,Georgetown,MY,5.4112,100.3354,77.9,92,20,1.01,few clouds
5,Zaraza,VE,9.3503,-65.3245,88.07,57,98,2.13,overcast clouds
6,Meridian,US,43.6121,-116.3915,65.35,41,1,1.99,clear sky
7,Kochubey,RU,44.3861,46.5825,55.33,49,100,9.78,overcast clouds
8,Norman Wells,CA,65.282,-126.8329,37.44,56,20,2.3,few clouds
9,Yar-Sale,RU,66.8333,70.8333,38.07,91,100,12.59,light rain
10,Beyneu,KZ,45.3167,55.2,46.92,49,16,5.91,few clouds
11,Katsuura,JP,35.1333,140.3,71.19,75,100,6.44,overcast clouds
12,Pundaguitan,PH,6.3711,126.1689,83.28,73,100,5.53,overcast clouds
13,The Valley,AI,18.217,-63.0578,86.83,74,40,8.05,scattered clouds
14,Pyay,MM,18.8167,95.2167,75.02,92,83,1.9,broken clouds
15,Albany,US,42.6001,-73.9662,62.15,65,94,5.97,overcast clouds
16,Simpang,ID,-1.2667,104.0833,74.68,97,100,2.93,overcast clouds
17,Oktyabrskiy,RU,54.4815,53.471,35.64,66,100,3.67,overcast clouds
18,Busselton,AU,-33.65,115.3333,58.08,86,5,7.47,clear sky
19,Mataura,NZ,-46.1927,168.8643,47.48,96,100,7.11,overcast clouds
20,Douentza,ML,14.9951,-2.9517,93.31,26,45,1.07,scattered clouds
21,Atuona,PF,-9.8,-139.0333,77.67,76,42,19.37,light rain
22,Qaqortoq,GL,60.7167,-46.0333,36.1,51,4,3.91,clear sky
23,Batemans Bay,AU,-35.7167,150.1833,61.99,95,100,3.04,overcast clouds
24,Port Alfred,ZA,-33.5906,26.891,59.92,74,100,18.39,overcast clouds
25,Nemuro,JP,43.3236,145.575,60.03,82,100,18.77,overcast clouds
26,Rikitea,PF,-23.1203,-134.9692,73.27,68,100,17.65,overcast clouds
27,Petropavlovsk-Kamchatskiy,RU,53.0452,158.6483,45.19,100,75,6.71,broken clouds
28,El Dorado,US,38.7666,-120.5177,75.43,29,22,3.0,few clouds
29,Erenhot,CN,43.6475,111.9767,48.79,46,76,6.17,broken clouds
30,Souillac,MU,-20.5167,57.5167,72.36,83,40,10.36,scattered clouds
31,Tuktoyaktuk,CA,69.4541,-133.0374,32.0,93,90,27.63,light snow
32,West Wendover,US,40.7391,-114.0733,61.81,23,1,10.36,clear sky
33,Castro,BR,-24.7911,-50.0119,72.5,66,16,5.21,few clouds
34,Ushuaia,AR,-54.8,-68.3,44.26,61,75,16.11,broken clouds
35,Kalangala,UG,-0.3089,32.225,72.75,76,48,8.14,scattered clouds
36,Lebedinyy,RU,58.5167,125.5167,26.08,98,100,3.22,snow
37,Hilo,US,19.7297,-155.09,88.29,70,90,8.05,overcast clouds
38,Los Llanos De Aridane,ES,28.6585,-17.9182,70.12,68,90,17.27,overcast clouds
39,Hualmay,PE,-11.0964,-77.6139,66.15,76,63,6.89,broken clouds
40,Salalah,OM,17.0151,54.0924,82.49,89,20,4.61,few clouds
41,Hobart,AU,-42.8794,147.3294,50.05,85,40,1.14,scattered clouds
42,Thinadhoo,MV,0.5333,72.9333,82.06,72,8,4.03,clear sky
43,Ixtapa,MX,20.7,-105.2,88.23,70,95,4.0,overcast clouds
44,Chuy,UY,-33.6971,-53.4616,58.26,80,51,11.16,broken clouds
45,Vaitape,PF,-16.5167,-151.75,79.45,72,16,19.86,light rain
46,Constantine,DZ,36.365,6.6147,65.61,68,0,4.61,clear sky
47,Neiafu,TO,-18.65,-173.9833,75.88,94,75,6.91,light rain
48,San,ML,13.3034,-4.8956,85.46,40,38,3.51,scattered clouds
49,Apricena,IT,41.7839,15.4437,67.82,75,26,0.51,scattered clouds
50,Yellowknife,CA,62.456,-114.3525,51.42,99,90,1.99,overcast clouds
51,Codrington,AU,-38.2667,141.9667,53.44,96,100,22.88,overcast clouds
52,Lompoc,US,34.6391,-120.4579,84.09,61,1,12.66,clear sky
53,Lebu,CL,-37.6167,-73.65,50.72,87,100,12.44,overcast clouds
54,Avarua,CK,-21.2078,-159.775,80.65,74,74,9.22,broken clouds
55,Bredasdorp,ZA,-34.5322,20.0403,57.27,79,100,18.75,overcast clouds
56,Qaanaaq,GL,77.484,-69.3632,16.77,79,1,7.74,clear sky
57,Oltu,TR,40.5498,42.0013,50.97,91,98,3.18,overcast clouds
58,Hermanus,ZA,-34.4187,19.2345,57.79,78,93,22.32,overcast clouds
59,Paysandu,UY,-32.3214,-58.0756,67.6,73,16,12.91,few clouds
60,Qingquan,CN,30.4511,115.2559,70.9,89,73,1.32,light rain
61,Puerto Ayora,EC,-0.7393,-90.3518,71.71,84,90,10.87,overcast clouds
62,Bluff,NZ,-46.6,168.3333,47.8,61,85,19.82,overcast clouds
63,Manicore,BR,-5.8092,-61.3003,88.97,53,100,2.01,moderate rain
64,Taoudenni,ML,22.6783,-3.9836,94.39,7,0,10.02,clear sky
65,Kapaa,US,22.0752,-159.319,82.72,69,40,3.0,scattered clouds
66,Marzuq,YE,14.4,46.4667,76.73,48,45,6.04,scattered clouds
67,Tiksi,RU,71.6872,128.8694,30.58,83,100,4.16,overcast clouds
68,Guadalupe Y Calvo,MX,26.1,-106.9667,65.93,36,0,9.06,clear sky
69,Luderitz,NA,-26.6481,15.1594,57.24,81,94,17.69,overcast clouds
70,Soe,ID,-9.8607,124.284,63.52,89,67,4.63,broken clouds
71,Dingle,PH,10.9995,122.6711,75.81,93,35,3.83,scattered clouds
72,Esperance,AU,-33.8667,121.9,53.01,86,35,10.58,scattered clouds
73,Mahuta,TZ,-10.8667,39.45,66.54,97,46,4.72,scattered clouds
74,Praia,CV,14.9215,-23.5087,81.14,78,20,10.36,few clouds
75,Lazaro Cardenas,MX,17.9583,-102.2,83.71,71,100,6.2,overcast clouds
76,Butaritari,KI,3.0707,172.7902,81.52,79,98,17.05,light rain
77,Port Lincoln,AU,-34.7333,135.8667,55.17,89,24,10.69,few clouds
78,Coquimbo,CL,-29.9533,-71.3436,58.73,77,0,11.5,clear sky
79,Longyearbyen,SJ,78.2186,15.6401,35.44,87,75,3.44,broken clouds
80,Grindavik,IS,63.8424,-22.4338,40.95,87,75,16.11,broken clouds
81,Cape Town,ZA,-33.9258,18.4232,60.28,57,59,11.05,broken clouds
82,Chambery,FR,45.5667,5.9333,61.02,81,20,6.91,few clouds
83,Saint-Augustin,CA,51.226,-58.6502,51.64,76,100,16.24,overcast clouds
84,Berlevag,NO,70.8578,29.0864,42.6,89,57,2.24,broken clouds
85,New Norfolk,AU,-42.7826,147.0587,49.71,70,100,1.72,overcast clouds
86,Jamestown,US,42.097,-79.2353,67.32,51,1,3.0,clear sky
87,Vardo,NO,70.3705,31.1107,43.0,86,22,7.56,few clouds
88,Punta Arenas,CL,-53.15,-70.9167,50.11,43,0,18.41,clear sky
89,Nanortalik,GL,60.1432,-45.2371,36.12,68,3,9.08,clear sky
90,Hithadhoo,MV,-0.6,73.0833,80.83,76,100,2.71,overcast clouds
91,Cidreira,BR,-30.1811,-50.2056,64.26,86,57,15.43,broken clouds
92,Saskylakh,RU,71.9167,114.0833,21.88,91,96,3.24,overcast clouds
93,Matagami,CA,49.7502,-77.6328,50.11,87,90,5.75,overcast clouds
94,Vaini,TO,-21.2,-175.2,77.16,83,75,10.36,broken clouds
95,Binika,IN,21.0333,83.8,76.24,88,98,3.91,overcast clouds
96,Rusne,LT,55.2964,21.3758,51.89,77,100,18.05,overcast clouds
97,Kahului,US,20.8947,-156.47,87.82,68,40,20.71,scattered clouds
98,Martapura,ID,-3.4167,114.85,75.29,100,98,1.14,overcast clouds
99,Torbay,CA,47.6666,-52.7314,65.88,92,40,5.01,scattered clouds
100,Alofi,NU,-19.0595,-169.9187,78.69,89,75,11.5,light rain
101,Ketchikan,US,55.3422,-131.6461,54.07,87,90,17.27,light rain
102,Campagna,IT,40.6653,15.1059,67.84,85,36,1.01,scattered clouds
103,Jha Jha,IN,24.7667,86.3667,75.06,95,100,14.85,light rain
104,Cayenne,GF,4.9333,-52.3333,82.09,78,20,1.99,few clouds
105,Jacareacanga,BR,-6.2222,-57.7528,83.75,67,87,0.56,overcast clouds
106,Chokurdakh,RU,70.6333,147.9167,20.66,95,100,5.32,overcast clouds
107,Vadinsk,RU,53.6916,43.0574,39.43,74,31,4.65,scattered clouds
108,Airai,TL,-8.9266,125.4092,58.17,71,43,2.48,scattered clouds
109,Tabou,CI,4.423,-7.3528,76.44,90,100,6.11,moderate rain
110,Laguna,US,38.421,-121.4238,85.05,25,1,5.01,clear sky
111,Belyy Yar,RU,53.6039,91.3903,39.09,87,40,6.71,scattered clouds
112,Namibe,AO,-15.1961,12.1522,63.54,87,31,6.33,scattered clouds
113,Victoria,HK,22.2855,114.1577,85.96,88,2,5.79,clear sky
114,Faya,SA,18.3851,42.4509,63.12,41,70,2.75,broken clouds
115,Bangalore,IN,12.9762,77.6033,69.62,89,98,6.71,overcast clouds
116,Lampa,CL,-33.2833,-70.9,66.07,23,75,17.27,broken clouds
117,Itoman,JP,26.1247,127.6694,80.98,78,20,14.97,few clouds
118,Bethel,US,41.3712,-73.414,66.11,59,75,6.91,broken clouds
119,College,US,64.8569,-147.8028,29.86,81,90,3.44,overcast clouds
120,Paamiut,GL,61.994,-49.6678,33.62,49,0,5.14,clear sky
121,Pangnirtung,CA,66.1451,-65.7125,36.01,53,75,0.56,broken clouds
122,Maumere,ID,-8.6199,122.2111,77.45,81,55,3.67,broken clouds
123,Akabira,JP,43.5514,142.0531,57.67,97,100,4.5,heavy intensity rain
124,Sabang,ID,5.8933,95.3214,80.1,81,95,6.93,moderate rain
125,Bathsheba,BB,13.2167,-59.5167,84.81,70,40,5.75,scattered clouds
126,Cherskiy,RU,68.75,161.3,24.28,94,89,11.61,overcast clouds
127,Port Keats,AU,-14.25,129.55,79.27,81,80,5.77,broken clouds
128,Amapa,BR,1.0,-52.0,85.93,44,56,3.67,broken clouds
129,Bac Lieu,VN,9.285,105.7244,80.17,82,100,4.92,overcast clouds
130,Maraa,BR,-1.8333,-65.3667,85.6,62,100,4.09,overcast clouds
131,Damaturu,NG,11.747,11.9608,80.74,69,96,4.03,light rain
132,Gornopravdinsk,RU,60.05,69.9,32.31,89,89,4.72,overcast clouds
133,Saint-Philippe,RE,-21.3585,55.7679,71.15,80,47,14.09,scattered clouds
134,Chapais,CA,49.7834,-74.8492,49.78,79,100,5.75,overcast clouds
135,Mahebourg,MU,-20.4081,57.7,72.25,83,40,10.36,scattered clouds
136,Rio Grande,BR,-32.035,-52.0986,64.51,82,16,16.6,few clouds
137,Isangel,VU,-19.55,169.2667,75.33,81,56,13.91,broken clouds
138,Alice Springs,AU,-23.7,133.8833,56.75,38,2,5.75,clear sky
139,Naryan-Mar,RU,67.6713,53.087,44.02,92,100,9.66,overcast clouds
140,Khatanga,RU,71.9667,102.5,30.33,96,100,13.67,light snow
141,Daugavpils,LV,55.8833,26.5333,40.71,84,32,6.2,scattered clouds
142,Tasiilaq,GL,65.6145,-37.6368,39.36,67,11,7.54,few clouds
143,Bonavista,CA,48.6499,-53.1147,56.12,94,100,16.31,overcast clouds
144,Kaduna,NG,10.5222,7.4383,72.07,87,100,2.13,overcast clouds
145,Mar Del Plata,AR,-38.0023,-57.5575,60.01,51,0,28.99,clear sky
146,Chegdomyn,RU,51.1167,133.0167,37.44,97,36,1.99,scattered clouds
147,Faanui,PF,-16.4833,-151.75,79.45,72,16,19.82,light rain
148,Blora,ID,-6.9698,111.4186,75.61,83,93,3.15,overcast clouds
149,Mount Isa,AU,-20.7333,139.5,69.57,73,6,0.0,clear sky
150,Port Elizabeth,ZA,-33.918,25.5701,57.49,77,90,10.36,overcast clouds
151,Port Blair,IN,11.6667,92.75,80.55,82,18,6.35,few clouds
152,Harper,LR,4.375,-7.7169,76.8,89,100,7.36,moderate rain
153,Tuatapere,NZ,-46.1333,167.6833,47.82,76,96,10.22,overcast clouds
154,Finnsnes,NO,69.2296,17.9811,42.35,82,98,3.89,overcast clouds
155,Okha,RU,53.5739,142.9478,55.81,96,100,9.19,overcast clouds
156,Breyten,ZA,-26.3018,29.987,53.94,84,98,10.04,overcast clouds
157,Buraydah,SA,26.326,43.975,80.91,20,8,8.88,clear sky
158,Grao Mogol,BR,-16.5594,-42.8897,78.01,38,76,2.3,broken clouds
159,Te Anau,NZ,-45.4167,167.7167,41.36,80,77,0.85,broken clouds
160,Upernavik,GL,72.7868,-56.1549,31.39,60,99,1.48,overcast clouds
161,Izhma,RU,65.0083,53.9113,43.03,98,99,5.35,overcast clouds
162,Sitka,US,57.0531,-135.33,49.89,76,90,17.27,light rain
163,Ahipara,NZ,-35.1667,173.1667,57.99,75,64,12.19,broken clouds
164,Ormara,PK,25.2088,64.6357,87.76,59,23,9.31,few clouds
165,Herve,BE,50.6411,5.7961,48.07,92,8,7.52,clear sky
166,Teya,RU,60.3778,92.6267,32.76,81,84,1.43,broken clouds
167,Sorland,NO,67.667,12.6934,46.47,81,100,10.16,overcast clouds
168,East London,ZA,-33.0153,27.9116,59.5,88,100,16.17,moderate rain
169,Saint George,US,37.1041,-113.5841,77.47,30,1,4.0,clear sky
170,Kodiak,US,57.79,-152.4072,45.81,53,53,8.23,broken clouds
171,Sydney Mines,CA,46.2367,-60.2177,58.19,96,90,3.0,mist
172,Ponta Delgada,PT,37.7333,-25.6667,72.32,88,20,3.44,few clouds
173,Llangefni,GB,53.2556,-4.3106,56.73,62,75,18.41,broken clouds
174,Kayerkan,RU,69.3497,87.7602,31.46,95,100,22.03,snow
175,Solnechnyy,RU,50.7214,136.6319,51.28,95,100,0.49,overcast clouds
176,Ipixuna,BR,-1.7625,-48.8043,82.35,80,99,4.74,overcast clouds
177,Thompson,CA,55.7435,-97.8558,70.23,57,100,9.42,overcast clouds
178,Chandbali,IN,20.7833,86.7667,78.85,90,100,4.74,overcast clouds
179,Sao Desiderio,BR,-12.3633,-44.9733,85.41,31,95,1.12,overcast clouds
180,Afogados Da Ingazeira,BR,-7.7508,-37.6392,85.08,38,76,15.12,broken clouds
181,Aksu,CN,41.1231,80.2644,66.87,20,64,0.56,broken clouds
182,Urumqi,CN,43.801,87.6005,54.55,38,0,4.47,clear sky
183,Chengam,IN,12.3,78.8,77.09,73,80,3.13,broken clouds
184,Guerrero Negro,MX,27.9769,-114.0611,73.53,59,0,18.66,clear sky
185,Provideniya,RU,64.3833,-173.3,37.51,65,90,17.9,moderate rain
186,Fairbanks,US,64.8378,-147.7164,28.22,81,90,0.0,overcast clouds
187,Shar,KZ,49.5886,81.0453,54.01,49,100,10.47,moderate rain
188,Union,US,40.6334,-74.2663,70.3,47,75,10.36,broken clouds
189,Iranshahr,IR,27.2025,60.6848,89.94,33,0,0.0,clear sky
190,Montelibano,CO,7.9829,-75.4229,83.52,81,92,6.08,overcast clouds
191,Bambous Virieux,MU,-20.3428,57.7575,72.21,83,40,10.36,scattered clouds
192,Nikolskoye,RU,59.7035,30.7861,46.29,88,57,3.44,broken clouds
193,Syracuse,IT,37.0881,15.2792,75.88,74,0,8.23,clear sky
194,Cabo San Lucas,MX,22.8909,-109.9124,91.51,66,6,5.91,clear sky
195,Bafia,CM,4.75,11.2333,70.23,95,100,1.52,overcast clouds
196,Zhanaozen,KZ,43.3,52.8,49.64,50,48,10.85,scattered clouds
197,Vila Velha,BR,-20.3297,-40.2925,75.15,83,20,16.11,few clouds
198,Arraial Do Cabo,BR,-22.9661,-42.0278,71.46,88,75,4.61,broken clouds
199,Staszow,PL,50.5631,21.1659,55.92,70,100,7.99,overcast clouds
200,Ossora,RU,59.2353,163.0719,23.45,75,3,9.06,clear sky
201,Vallenar,CL,-28.5708,-70.7581,82.06,16,15,7.09,few clouds
202,Benghazi,LY,32.1167,20.0667,77.47,78,3,11.43,clear sky
203,Severo-Kurilsk,RU,50.6789,156.125,51.94,90,60,3.65,broken clouds
204,Vao,NC,-22.6667,167.4833,69.53,77,93,22.3,overcast clouds
205,Korla,CN,41.7597,86.1469,67.64,23,32,8.66,scattered clouds
206,Ostrovnoy,RU,68.0531,39.5131,43.54,92,57,9.01,broken clouds
207,Tautira,PF,-17.7333,-149.15,82.42,76,28,16.51,scattered clouds
208,Konakovo,RU,56.7,36.7667,42.01,80,94,1.66,overcast clouds
209,San Ramon De La Nueva Oran,AR,-23.1322,-64.326,83.37,40,47,7.18,scattered clouds
210,Anadyr,RU,64.75,177.4833,14.5,85,0,17.0,clear sky
211,Nome,US,64.5011,-165.4064,35.67,80,75,12.66,broken clouds
212,Camacha,PT,33.0833,-16.3333,69.22,60,75,14.97,broken clouds
213,Bandarbeyla,SO,9.4942,50.8122,80.47,74,99,20.85,overcast clouds
214,Bellevue,US,47.6104,-122.2007,60.42,75,90,1.99,overcast clouds
215,Vangaindrano,MG,-23.35,47.6,67.8,90,15,7.81,few clouds
216,Port Hedland,AU,-20.3167,118.5667,60.85,100,13,0.0,few clouds
217,Shediac,CA,46.2198,-64.5411,58.35,76,90,13.8,overcast clouds
218,Juba,SS,4.8517,31.5825,75.85,71,46,1.66,scattered clouds
219,Boyolangu,ID,-8.1181,111.8935,73.62,95,82,3.71,broken clouds
220,Rabo De Peixe,PT,37.8,-25.5833,71.11,88,20,4.61,few clouds
221,Kailua,US,21.4022,-157.7394,87.78,78,75,8.05,broken clouds
222,Kachiry,KZ,53.0675,76.1036,35.62,91,77,6.42,broken clouds
223,Praia Da Vitoria,PT,38.7333,-27.0667,75.45,83,20,7.85,few clouds
224,Ust-Kuyga,RU,70.0167,135.6,9.75,92,30,4.5,scattered clouds
225,Henties Bay,NA,-22.116,14.2845,54.86,92,0,7.0,clear sky
226,Leshukonskoye,RU,64.8989,45.7622,43.2,95,57,6.2,broken clouds
227,Vila Franca Do Campo,PT,37.7167,-25.4333,72.01,89,10,2.48,clear sky
228,Ponta Do Sol,PT,32.6667,-17.1,72.23,67,12,8.41,few clouds
229,Axim,GH,4.8699,-2.2405,76.6,91,85,5.99,overcast clouds
230,Fortuna,US,40.5982,-124.1573,72.19,47,1,1.99,clear sky
231,Kurumkan,RU,54.3,110.3,31.1,82,29,1.83,scattered clouds
232,Tazovskiy,RU,67.4667,78.7,33.96,97,100,16.69,light rain
233,Shalinskoye,RU,55.7228,93.7594,28.06,95,40,4.61,scattered clouds
234,Jaisalmer,IN,26.9147,70.9181,86.11,62,98,14.7,overcast clouds
235,Vostok,RU,46.4856,135.8833,51.69,93,88,2.37,overcast clouds
236,Ottawa,CA,45.4112,-75.6981,57.97,66,83,1.01,broken clouds
237,Barrow,US,71.2906,-156.7887,30.22,80,90,9.22,light snow
238,Ribeira Grande,PT,38.5167,-28.7,72.59,86,8,10.54,clear sky
239,Verkhnyaya Inta,RU,65.9811,60.3094,40.44,86,100,15.61,overcast clouds
240,Najran,SA,17.4924,44.1277,74.12,27,55,0.94,broken clouds
241,Lagoa,PT,39.05,-27.9833,71.44,87,0,6.91,clear sky
242,Llanes,ES,43.4198,-4.7549,62.87,79,100,5.01,overcast clouds
243,Pisco,PE,-13.7,-76.2167,65.01,88,75,6.91,broken clouds
244,Flin Flon,CA,54.7682,-101.865,62.44,72,90,8.05,smoke
245,Constitucion,CL,-35.3333,-72.4167,55.76,58,2,6.55,clear sky
246,Araouane,ML,18.9048,-3.5265,94.03,16,5,8.68,clear sky
247,Kaitangata,NZ,-46.2817,169.8464,39.92,92,99,12.46,overcast clouds
248,Taree,AU,-31.9,152.4667,60.73,88,100,3.44,overcast clouds
249,Taga,RO,46.95,24.05,55.72,72,16,4.47,few clouds
250,Dunedin,NZ,-45.8742,170.5036,45.81,66,83,16.08,broken clouds
251,Mackenzie,CA,55.2999,-123.1698,44.82,87,90,6.91,overcast clouds
252,Altamira,BR,-3.2033,-52.2064,81.27,67,100,1.9,overcast clouds
253,Westport,US,41.1415,-73.3579,69.06,54,20,1.01,few clouds
254,Tilichiki,RU,60.4667,166.1,28.83,57,1,19.98,clear sky
255,Aklavik,CA,68.2191,-135.0107,32.72,75,89,5.1,overcast clouds
256,Husavik,IS,66.0449,-17.3389,39.11,73,60,15.32,broken clouds
257,Samarai,PG,-10.6167,150.6667,79.11,88,54,14.38,broken clouds
258,Muravlenko,RU,63.7898,74.523,31.19,89,22,4.92,few clouds
259,Khandyga,RU,62.6667,135.6,34.32,54,100,4.76,overcast clouds
260,Gorlice,PL,49.6556,21.1604,57.22,89,100,5.82,overcast clouds
261,Nizhniy Kuranakh,RU,58.8353,125.4869,30.29,98,100,3.29,snow
262,Pitimbu,BR,-7.4706,-34.8086,79.39,82,86,12.64,overcast clouds
263,Karratha,AU,-20.7377,116.8463,72.36,31,7,7.67,clear sky
264,Mirabad,AF,30.4362,61.8383,78.28,24,0,12.01,clear sky
265,Buala,SB,-8.145,159.5921,81.84,81,90,9.93,light rain
266,Waipawa,NZ,-41.4122,175.5153,52.45,89,100,8.57,overcast clouds
267,Aqtobe,KZ,50.2797,57.2072,41.09,65,0,6.71,clear sky
268,Gannan,CN,47.9147,123.5031,40.01,55,56,6.31,broken clouds
269,Mongo,TD,12.1844,18.693,82.56,56,79,3.11,broken clouds
270,Gamba,GA,-2.65,10.0,75.36,87,98,7.7,overcast clouds
271,Miles City,US,46.4083,-105.8406,63.57,29,90,12.66,overcast clouds
272,Jalu,LY,29.0331,21.5482,77.16,61,0,11.41,clear sky
273,Tigzirt,DZ,36.8886,4.1198,70.93,79,7,7.67,clear sky
274,Buzmeyin,TM,38.0507,58.2056,68.4,35,0,4.16,clear sky
275,Porto Santo,PT,33.072,-16.3415,71.98,60,75,14.97,broken clouds
276,Carnarvon,AU,-24.8667,113.6333,67.06,84,35,9.98,scattered clouds
277,Panaba,MX,21.2833,-88.2667,93.22,42,17,11.79,few clouds
278,Asau,RO,46.4333,26.4,51.28,88,7,1.59,light rain
279,Mora,CM,11.0461,14.1401,78.31,75,97,2.91,light rain
280,Kelvington,CA,52.1667,-103.5343,67.66,43,79,15.46,broken clouds
281,Qurayyat,SA,31.3318,37.3428,71.94,56,0,11.61,clear sky
282,Atar,MR,20.5169,-13.0499,96.37,10,4,7.23,clear sky
283,Millville,US,39.4021,-75.0393,70.92,49,1,1.99,clear sky
284,Soldotna,US,60.4878,-151.0583,43.07,58,1,5.75,clear sky
285,Kousseri,CM,12.0769,15.0306,80.56,83,0,4.61,clear sky
286,Avera,US,33.194,-82.5271,87.71,36,0,2.53,clear sky
287,Brodokalmak,RU,55.5748,62.082,38.3,81,80,7.47,broken clouds
288,Vinh,VN,18.6667,105.6667,76.75,92,36,2.53,scattered clouds
289,Lerwick,GB,60.1545,-1.1494,46.4,79,72,7.27,broken clouds
290,Ilave,PE,-16.0833,-69.6667,56.95,39,0,13.31,clear sky
291,Pevek,RU,69.7008,170.3133,27.81,82,100,21.92,overcast clouds
292,Bengkulu,ID,-3.8004,102.2655,75.2,91,99,10.51,moderate rain
293,Aviles,ES,43.5547,-5.9248,61.93,87,40,2.3,scattered clouds
294,Margate,GB,51.3813,1.3862,52.03,72,10,1.99,clear sky
295,Lulea,SE,65.5842,22.1547,46.47,81,90,4.61,overcast clouds
296,Eisenach,DE,50.9833,10.3167,49.6,81,2,11.65,clear sky
297,Tamiahua,MX,21.2667,-97.45,86.27,70,92,10.25,overcast clouds
298,Hambantota,LK,6.1241,81.1185,80.65,74,97,9.73,overcast clouds
299,Kloulklubed,PW,7.0419,134.2556,77.5,75,94,7.14,light rain
300,Hostotipaquillo,MX,21.0667,-104.0667,83.3,46,48,2.37,scattered clouds
301,Chake Chake,TZ,-5.2459,39.7666,75.27,88,3,7.11,clear sky
302,Qui Nhon,VN,13.7667,109.2333,77.47,91,9,4.97,clear sky
303,Orshanka,RU,56.9161,47.8933,42.24,85,100,4.23,overcast clouds
304,Simbahan,PH,6.3032,120.5836,82.85,74,100,4.09,overcast clouds
305,Deputatskiy,RU,69.3,139.9,11.89,90,13,3.58,few clouds
306,Dali,CN,25.7,100.1833,58.68,91,37,0.94,scattered clouds
307,Lima,PE,-12.0432,-77.0282,63.39,93,90,8.05,overcast clouds
308,Portland,US,45.5234,-122.6762,69.37,60,75,3.0,broken clouds
309,Zhuhai,CN,22.2769,113.5678,85.71,84,0,4.61,clear sky
310,San Quintin,MX,30.4833,-115.95,70.47,60,4,14.61,clear sky
311,Kavaratti,IN,10.5669,72.642,81.27,77,22,15.1,few clouds
312,Urdoma,RU,61.7533,48.5442,42.55,97,98,4.61,overcast clouds
313,Neuquen,AR,-38.9516,-68.0591,76.89,23,0,4.61,clear sky
314,Devonport,AU,-41.1667,146.35,54.0,59,100,15.39,light rain
315,Misratah,LY,32.3754,15.0925,77.2,68,0,14.12,clear sky
316,San Pedro,PH,14.35,121.0167,82.15,89,87,2.66,overcast clouds
317,Zyryanskoye,RU,56.8306,86.6258,38.91,81,100,8.97,overcast clouds
318,Sulangan,PH,11.1373,123.7228,82.81,77,85,4.12,light rain
319,Cordoba,AR,-31.4135,-64.1811,79.43,39,0,11.01,clear sky
320,Guariba,BR,-21.36,-48.2283,90.72,37,63,5.44,broken clouds
321,Guadix,ES,37.2993,-3.1392,67.32,41,12,4.41,few clouds
322,Klaksvik,FO,62.2266,-6.589,41.92,64,36,3.44,scattered clouds
323,Diamantino,BR,-14.4086,-56.4461,92.3,35,49,7.83,scattered clouds
324,Coruripe,BR,-10.1256,-36.1756,74.84,86,38,9.35,scattered clouds
325,Mount Gambier,AU,-37.8333,140.7667,53.51,94,90,13.8,light rain
326,Saldanha,ZA,-33.0117,17.9442,58.1,75,76,14.83,broken clouds
327,Sao Joao Da Barra,BR,-21.6403,-41.0511,77.09,83,38,13.2,scattered clouds
328,Lianyuan,CN,27.6883,111.6642,68.16,89,0,1.74,light rain
329,Chulman,RU,56.8479,124.9104,27.55,97,100,8.3,snow
330,Saint-Pierre,RE,-21.3393,55.4781,71.24,76,20,6.91,few clouds
331,Sovetskiy,RU,61.3614,63.5842,34.02,84,55,2.08,broken clouds
332,Dikson,RU,73.5069,80.5464,33.03,98,100,16.49,overcast clouds
333,Bandundu,CD,-3.3167,17.3667,77.97,78,96,2.62,overcast clouds
334,Roma,US,43.2128,-75.4557,64.26,55,90,11.5,overcast clouds
335,Antofagasta,CL,-23.65,-70.4,60.08,73,12,5.57,few clouds
336,Clyde River,CA,70.4692,-68.5914,30.43,100,75,11.5,broken clouds
337,Talnakh,RU,69.4865,88.3972,31.93,95,100,15.03,snow
338,Marawi,PH,7.9986,124.2928,68.65,90,100,2.95,overcast clouds
339,Severskaya,RU,44.8541,38.6769,52.77,100,63,15.97,broken clouds
340,Ahmadpur East,PK,29.1431,71.2598,90.18,47,5,8.59,clear sky
341,Caernarfon,GB,53.1413,-4.2702,56.68,59,20,19.57,few clouds
342,Leningradskiy,RU,69.3833,178.4167,27.21,96,100,10.63,light snow
343,Nampula,MZ,-15.1165,39.2666,71.55,88,0,12.66,clear sky
344,Hisar,IN,29.1667,75.7167,81.32,73,8,6.85,clear sky
345,Conde,BR,-7.2597,-34.9075,78.26,89,20,9.22,few clouds
346,Roald,NO,62.5833,6.1333,53.1,71,0,5.75,clear sky
347,Marsh Harbour,BS,26.5412,-77.0636,81.07,69,35,13.65,scattered clouds
348,Urucara,BR,-2.5364,-57.76,90.5,47,98,3.02,overcast clouds
349,Sobolevo,RU,54.4299,31.8996,39.56,82,66,3.96,broken clouds
350,Kununurra,AU,-15.7667,128.7333,73.38,83,71,3.44,broken clouds
351,Burnie,AU,-41.0667,145.9167,53.92,70,100,16.96,light rain
352,Port-Cartier,CA,50.0334,-66.8654,55.62,77,91,4.41,overcast clouds
353,Horasan,TR,40.0458,42.1728,52.43,73,76,4.09,broken clouds
354,Ust-Omchug,RU,61.15,149.6333,23.2,57,100,3.8,overcast clouds
355,Goksun,TR,38.021,36.4973,61.75,46,74,4.47,broken clouds
356,Xuddur,SO,4.1213,43.8894,75.76,66,42,17.02,scattered clouds
357,Scarborough,GB,54.2797,-0.4044,49.51,79,5,1.99,clear sky
358,Kaeo,NZ,-35.1,173.7833,61.32,74,38,8.1,scattered clouds
359,Gairatganj,IN,23.4202,78.2385,74.75,87,74,4.07,light rain
360,Kokoda,PG,-8.8785,147.7407,76.03,95,95,0.13,light rain
361,Lyngseidet,NO,69.5763,20.2189,42.48,85,61,10.36,broken clouds
362,Caravelas,BR,-17.7125,-39.2481,74.07,82,0,8.93,clear sky
363,Joshimath,IN,30.5667,79.5667,66.11,80,32,2.21,scattered clouds
364,Susehri,TR,40.1644,38.0867,50.72,81,97,3.38,overcast clouds
365,Aasiaat,GL,68.7098,-52.8699,27.03,68,100,2.37,overcast clouds
366,Torres,BR,-29.3353,-49.7269,65.82,91,88,10.4,overcast clouds
367,Nizhneangarsk,RU,55.7833,109.55,30.7,70,14,5.32,few clouds
368,Sindou,BF,10.6667,-5.1667,78.76,65,10,2.89,clear sky
369,Florianopolis,BR,-27.6146,-48.5012,70.43,81,75,5.99,broken clouds
370,Mackay,AU,-21.15,149.2,72.68,72,72,10.51,broken clouds
371,Ca Mau,VN,9.1769,105.15,76.89,92,100,2.66,overcast clouds
372,Lashio,MM,22.9333,97.75,66.27,99,41,0.94,scattered clouds
373,Melilla,ES,35.2937,-2.9383,70.18,83,40,5.75,scattered clouds
374,Madison,US,34.7334,-86.5667,87.44,58,1,5.01,clear sky
375,Mitu,CO,1.1983,-70.1733,77.41,81,100,2.33,heavy intensity rain
376,Chabahar,IR,25.2919,60.643,85.06,67,44,2.91,scattered clouds
377,Aberdeen,GB,57.1437,-2.0981,50.83,88,7,3.44,clear sky
378,Woodward,US,36.4337,-99.3904,90.97,36,40,11.5,scattered clouds
379,Geraldton,AU,-28.7667,114.6,57.61,94,75,11.5,broken clouds
380,Adwa,ET,14.1646,38.8955,62.89,72,99,5.97,overcast clouds
381,Verkh-Usugli,RU,52.7,115.1667,29.91,76,100,3.67,overcast clouds
382,Somerville,US,42.3876,-71.0995,64.51,57,75,5.01,broken clouds
383,Santiago,CL,-33.4569,-70.6483,68.29,28,90,9.22,overcast clouds
384,Altay,CN,47.8667,88.1167,50.83,63,100,2.55,overcast clouds
385,Canton,CN,23.1167,113.25,82.94,77,3,3.47,clear sky
386,Bloemfontein,ZA,-29.1211,26.214,60.28,77,71,10.36,light rain
387,Keuruu,FI,62.2667,24.7,46.58,85,100,4.9,overcast clouds
388,Bilibino,RU,68.0546,166.4372,4.66,96,100,2.08,overcast clouds
389,Makinsk,KZ,52.6292,70.4169,31.53,86,95,6.06,overcast clouds
390,Komsomolskiy,UZ,40.4272,71.7189,62.02,33,0,2.28,clear sky
391,Atlantic City,US,39.3643,-74.4229,71.38,41,20,13.8,few clouds
392,Zhezkazgan,KZ,47.8043,67.7144,45.63,62,100,12.91,overcast clouds
393,Bedford,GB,52.1346,-0.4663,50.18,80,31,10.13,scattered clouds
394,Camapua,BR,-19.5314,-54.0439,90.28,29,100,4.23,overcast clouds
395,Mount Pleasant,US,32.7941,-79.8626,89.19,61,1,1.01,clear sky
396,Mogadishu,SO,2.0371,45.3438,79.07,81,10,12.08,clear sky
397,Narsaq,GL,60.9167,-46.05,35.82,47,8,2.98,clear sky
398,Rakai,UG,-0.72,31.4839,64.33,81,66,3.91,broken clouds
399,Storsteinnes,NO,69.2408,19.2344,42.39,86,79,5.03,broken clouds
400,Yerbogachen,RU,61.2767,108.0108,22.5,93,20,0.78,few clouds
401,Baruun-Urt,MN,46.6806,113.2792,31.62,78,8,9.78,clear sky
402,Porbandar,IN,21.6422,69.6093,79.12,93,100,19.01,overcast clouds
403,Doha,QA,25.2867,51.5333,87.78,72,0,2.3,clear sky
404,Bonthe,SL,7.5264,-12.505,78.89,81,97,8.34,overcast clouds
405,Medeiros Neto,BR,-17.3739,-40.2206,77.68,58,0,15.93,clear sky
406,Puerto Baquerizo Moreno,EC,-0.9,-89.6,70.39,87,61,11.43,broken clouds
407,Aconibe,GQ,1.2968,10.9369,68.11,98,100,1.43,light rain
408,Krasnaya Gora,RU,52.9995,31.6023,42.71,81,30,4.54,scattered clouds
409,Envira,BR,-7.3,-70.2167,86.18,54,87,4.23,moderate rain
410,Dhidhdhoo,MV,6.8833,73.1,81.43,78,38,11.77,scattered clouds
411,Bozeman,US,45.6796,-111.0386,60.22,34,1,1.99,clear sky
412,Yulara,AU,-25.2406,130.9889,49.84,43,2,5.75,clear sky
413,Itaituba,BR,-4.2761,-55.9836,83.97,62,94,3.56,overcast clouds
414,Plouzane,FR,48.3833,-4.6167,51.85,85,0,5.75,clear sky
415,Inhambane,MZ,-23.865,35.3833,71.62,92,2,9.4,clear sky
416,Lumut,MY,4.2323,100.6298,77.22,88,93,4.18,overcast clouds
417,Bogatyye Saby,RU,56.0102,50.4483,40.3,77,99,4.7,overcast clouds
418,Pompeia,BR,-22.1086,-50.1717,86.36,30,93,4.05,overcast clouds
419,Cairns,AU,-16.9167,145.7667,74.1,88,40,3.44,scattered clouds
420,Acapulco,MX,16.8634,-99.8901,87.62,70,40,6.91,scattered clouds
421,Sabha,LY,27.0377,14.4283,82.62,20,0,9.13,clear sky
422,Bell Ville,AR,-32.6259,-62.6887,78.67,37,74,13.33,broken clouds
423,Mankachar,IN,25.5333,89.8667,76.89,83,94,2.68,overcast clouds
424,Bud,US,39.447,-86.1758,86.25,54,2,4.18,clear sky
425,Adre,TD,13.4667,22.2,79.79,35,100,5.93,overcast clouds
426,Alyangula,AU,-13.8483,136.4192,77.47,81,40,10.22,scattered clouds
427,Srednekolymsk,RU,67.45,153.6833,18.81,95,89,3.62,overcast clouds
428,Belmonte,BR,-15.8631,-38.8828,77.5,80,0,8.34,clear sky
429,Maniitsoq,GL,65.4167,-52.9,34.21,62,100,3.0,overcast clouds
430,Dudinka,RU,69.4058,86.1778,32.18,99,100,19.39,snow
431,Paita,PE,-5.0892,-81.1144,67.93,76,49,15.48,scattered clouds
432,Waddan,LY,29.1614,16.139,76.15,50,0,11.23,clear sky
433,Araguari,BR,-18.6472,-48.1872,82.54,33,85,0.74,overcast clouds
434,Vilyuysk,RU,63.7553,121.6247,24.33,95,14,4.45,few clouds
435,Rio Brilhante,BR,-21.8019,-54.5464,94.28,23,89,4.99,overcast clouds
436,Tete,MZ,-16.1564,33.5867,89.69,37,0,10.36,clear sky
437,Seymchan,RU,62.8833,152.4333,23.95,59,16,3.0,few clouds
438,Kumano,JP,34.3442,132.5894,69.17,89,0,2.08,clear sky
439,Nicoya,CR,10.1483,-85.452,81.95,85,100,3.51,overcast clouds
440,Vestmannaeyjar,IS,63.4427,-20.2734,45.99,64,87,20.45,overcast clouds
441,Qujing,CN,25.4833,103.7833,57.0,92,9,1.3,clear sky
442,Bom Jesus,BR,-9.0744,-44.3586,90.95,25,89,5.23,overcast clouds
443,Kieta,PG,-6.2167,155.6333,80.33,85,72,4.07,light rain
444,Lucapa,AO,-8.4192,20.7447,70.02,84,100,2.68,light rain
445,Gat,IL,31.61,34.7642,74.08,77,0,0.94,clear sky
446,Pangoa,PE,-12.1167,-73.0,82.44,62,98,2.89,overcast clouds
447,Sarwar,IN,26.0667,75.0,77.29,87,100,6.06,overcast clouds
448,Lorengau,PG,-2.0226,147.2712,80.83,82,71,3.78,broken clouds
449,Cauquenes,CL,-35.9671,-72.3225,60.49,37,0,9.64,clear sky
450,Lavrentiya,RU,65.5833,-171.0,33.93,83,100,9.69,overcast clouds
451,Borogontsy,RU,62.6683,131.1683,32.88,73,100,10.09,light snow
452,Nantucket,US,41.2835,-70.0995,62.96,74,94,18.54,overcast clouds
453,Yeppoon,AU,-23.1333,150.7333,67.78,72,74,13.35,broken clouds
454,Khunti,IN,23.0833,85.2833,73.51,97,61,2.44,broken clouds
455,Skibbereen,IE,51.55,-9.2667,55.2,80,100,18.48,overcast clouds
456,Lianran,CN,24.9227,102.485,57.74,91,32,0.81,scattered clouds
457,Rawson,AR,-43.3002,-65.1023,72.27,22,100,17.05,overcast clouds
458,Mujiayingzi,CN,42.1167,118.7833,52.59,75,52,4.12,broken clouds
459,Sawakin,SD,19.1059,37.3321,85.77,64,41,4.27,scattered clouds
460,Saint-Joseph,RE,-21.3667,55.6167,70.16,76,32,11.61,scattered clouds
461,Toora-Khem,RU,52.4675,96.11,27.05,40,49,1.88,scattered clouds
462,Kuala Terengganu,MY,5.3302,103.1408,77.52,90,90,3.83,overcast clouds
463,Kangaatsiaq,GL,68.3065,-53.4641,30.42,57,100,2.13,overcast clouds
464,Weihe,CN,32.9952,105.3247,58.78,97,69,1.97,broken clouds
465,Ambilobe,MG,-13.2,49.05,71.28,69,23,7.02,few clouds
466,Kavieng,PG,-2.5744,150.7967,81.77,81,97,13.0,moderate rain
467,Lowestoft,GB,52.4752,1.7516,50.25,80,4,15.7,clear sky
468,Ikire,NG,7.35,4.1833,73.27,97,98,2.57,light rain
469,Pleshanovo,RU,52.8333,53.4833,36.16,60,31,6.04,scattered clouds
470,Noumea,NC,-22.2763,166.4572,75.0,99,71,14.47,broken clouds
471,Tottori,JP,35.5,134.2333,70.25,90,6,8.52,clear sky
472,Poya,NC,-21.35,165.15,73.78,65,3,6.53,clear sky
473,Linfen,CN,36.0889,111.5189,67.39,75,68,2.84,broken clouds
474,Mecca,SA,21.4267,39.8261,81.0,61,3,4.81,clear sky
475,Cache Creek,CA,50.8101,-121.3246,59.92,60,100,10.92,overcast clouds
476,Sakakah,SA,29.9697,40.2064,80.17,23,0,10.6,clear sky
477,Seoul,KR,37.5683,126.9778,65.59,93,3,2.57,clear sky
478,Menongue,AO,-14.6585,17.691,69.71,37,29,2.35,scattered clouds
479,Hirara,JP,24.8,125.2833,82.87,74,14,12.44,few clouds
480,Sakaiminato,JP,35.55,133.2333,73.38,73,75,2.3,broken clouds
481,Privas,FR,44.5833,4.5,63.55,81,0,6.98,clear sky
482,Zyryanka,RU,65.75,150.85,21.79,96,17,2.73,few clouds
483,Sarkand,KZ,45.41,79.9186,57.22,49,94,3.22,overcast clouds
484,Wanning,CN,18.8003,110.3967,76.03,88,14,3.58,few clouds
485,Qiongshan,CN,20.0058,110.3542,75.18,100,60,2.24,fog
486,Akropong,GH,5.9746,-0.0854,76.15,88,88,5.79,overcast clouds
487,Tambura,SS,5.6,27.4667,72.79,81,28,3.78,scattered clouds
488,Sibolga,ID,1.7427,98.7792,75.09,94,100,2.71,very heavy rain
489,San Lucas,MX,16.6,-92.7167,84.96,73,39,1.79,scattered clouds
490,Belgrade,RS,44.804,20.4651,56.86,72,0,11.5,clear sky
491,Peine,DE,52.3167,10.2333,51.71,76,33,7.0,scattered clouds
492,Kushiro,JP,42.975,144.3747,61.05,87,100,16.98,overcast clouds
493,Tateyama,JP,34.9833,139.8667,71.1,72,100,5.61,overcast clouds
494,Rio Gallegos,AR,-51.6226,-69.2181,57.25,23,75,12.66,broken clouds
495,Nouadhibou,MR,20.931,-17.0347,76.98,65,0,21.85,sand
496,Broome,US,42.2506,-75.833,63.01,67,90,1.01,overcast clouds
497,Half Moon Bay,US,37.4636,-122.4286,81.91,46,20,1.01,few clouds
498,Acarau,BR,-2.8856,-40.12,80.01,81,2,16.11,clear sky
499,Shitanjing,CN,39.2342,106.3439,61.57,28,10,5.46,clear sky
500,Iqaluit,CA,63.7506,-68.5145,37.13,74,75,8.99,broken clouds
501,Enumclaw,US,47.2043,-121.9915,58.93,85,100,3.04,overcast clouds
502,Fort Payne,US,34.4442,-85.7197,86.52,58,40,5.75,scattered clouds
503,Andenes,NO,69.3143,16.1194,48.47,87,89,8.05,overcast clouds
504,Bronzani Majdan,BA,44.7869,16.9311,61.38,86,87,0.13,overcast clouds
505,Banyliv,UA,48.3661,25.3455,44.76,75,0,6.55,clear sky
506,Kalmunai,LK,7.4167,81.8167,79.95,80,99,5.57,moderate rain
507,Vytegra,RU,61.0064,36.4481,42.66,94,48,3.98,scattered clouds
508,Gaogou,CN,34.0175,119.1886,63.68,87,0,2.24,light rain
509,Dhule,IN,20.9,74.7833,75.63,83,99,5.5,overcast clouds
510,Vanavara,RU,60.34,102.2797,25.38,89,56,0.31,broken clouds
511,Sao Joao Do Piaui,BR,-8.3581,-42.2467,88.0,22,99,5.44,overcast clouds
512,Mareeba,AU,-17.0,145.4333,69.48,97,56,3.58,broken clouds
513,La Rioja,ES,42.25,-2.5,56.48,93,100,2.06,overcast clouds
514,Moree,AU,-29.4667,149.85,60.82,82,75,19.57,broken clouds
515,Plettenberg Bay,ZA,-34.0527,23.3716,56.43,83,100,15.17,overcast clouds
516,Fuxin,CN,42.0156,121.6589,52.32,65,22,1.97,few clouds
517,Petaluma,US,38.2324,-122.6367,89.35,32,1,5.01,clear sky
518,Biltine,TD,14.5333,20.9167,88.56,23,48,6.78,scattered clouds
519,Hamilton,US,39.1834,-84.5333,84.76,48,1,1.01,clear sky
520,Verkhnyaya Sinyachikha,RU,57.976,61.6673,32.09,83,83,4.65,broken clouds
521,Lichinga,MZ,-13.3128,35.2406,66.29,63,0,8.05,clear sky
522,Litovko,RU,49.2361,135.1742,49.73,92,93,6.87,overcast clouds
523,Tual,ID,-5.6667,132.75,81.3,82,65,14.47,broken clouds
524,Takoradi,GH,4.8845,-1.7554,76.48,90,84,6.8,broken clouds
525,Isla Mujeres,MX,21.2311,-86.731,87.85,64,62,8.39,broken clouds
526,Vengerovo,RU,55.6848,76.7471,38.3,84,100,7.85,overcast clouds
527,Turayf,SA,31.6725,38.6637,73.0,29,0,5.1,clear sky
528,Ilulissat,GL,69.2167,-51.1,20.84,76,100,4.27,overcast clouds
529,Pyra,RU,56.2953,43.3527,33.51,90,36,3.6,scattered clouds
530,Pilar,BR,-9.5972,-35.9567,78.73,93,56,4.85,broken clouds
531,Phangnga,TH,8.4509,98.5298,77.11,94,63,2.33,broken clouds
532,Humaita,BR,-7.5061,-63.0208,90.72,45,94,3.29,overcast clouds
533,Yabelo,ET,4.8833,38.0833,65.98,56,100,3.38,overcast clouds
534,Kruisfontein,ZA,-34.0033,24.7314,52.88,81,100,13.69,light rain
535,Ugoofaaru,MV,5.6667,73.0,81.5,77,42,10.4,scattered clouds
536,Ibanesti,RO,46.7667,24.9333,47.86,80,3,7.11,clear sky
537,Tomatlan,MX,19.9333,-105.25,86.72,62,35,8.21,scattered clouds
538,Ilebo,CD,-4.3167,20.5833,74.07,85,82,0.67,light rain
539,Saint-Georges,GD,12.0564,-61.7485,87.48,70,20,10.36,few clouds
540,Abu Samrah,SY,35.3029,37.1841,69.31,71,0,6.91,clear sky
541,Port-Gentil,GA,-0.7193,8.7815,77.95,86,100,13.38,overcast clouds
542,Marovoay,MG,-16.1,46.6333,77.14,60,0,5.17,clear sky
543,Puerto Escondido,MX,15.85,-97.0667,88.63,51,40,6.91,scattered clouds
544,Udachnyy,RU,66.4167,112.4,27.19,60,100,5.28,overcast clouds
545,Shyryayeve,UA,47.3805,30.1964,54.86,52,100,8.9,overcast clouds
546,Xichang,CN,27.8964,102.2634,60.48,90,52,1.57,broken clouds
547,Beringovskiy,RU,63.05,179.3167,22.69,94,100,36.37,snow
548,Kursk,RU,51.7303,36.1939,35.8,93,26,4.47,scattered clouds
549,Nabire,ID,-3.3667,135.4833,76.1,90,94,2.46,overcast clouds
550,Makurdi,NG,7.7411,8.5121,73.74,94,100,2.8,overcast clouds
551,Abalak,RU,58.1286,68.5944,34.2,88,97,5.14,overcast clouds
552,Tangshan,CN,39.6333,118.1833,60.53,86,1,7.09,light rain
553,Namatanai,PG,-3.6667,152.4333,81.12,80,81,8.79,light rain
554,Hofn,IS,64.2539,-15.2082,44.38,73,70,7.23,broken clouds
555,Sampang,ID,-7.1872,113.2394,75.15,79,57,3.76,broken clouds
556,Darhan,MN,49.4867,105.9228,32.22,73,13,2.57,few clouds
557,Coahuayana,MX,18.7333,-103.6833,86.65,65,99,6.04,overcast clouds
558,Miyako,JP,39.6367,141.9525,65.12,92,23,9.48,few clouds
559,Bahir Dar,ET,11.5936,37.3908,57.99,87,74,4.05,light rain
560,Ukiah,US,39.1502,-123.2078,85.12,31,1,3.44,clear sky
561,Hobyo,SO,5.3505,48.5268,79.29,78,18,21.92,few clouds
562,Pivijay,CO,10.4617,-74.6162,83.37,83,100,5.08,overcast clouds
563,Hervey Bay,AU,-25.2986,152.8535,72.03,85,98,11.52,overcast clouds
564,Sao Joao De Pirabas,BR,-0.7747,-47.1772,79.84,78,14,7.05,few clouds
565,Chicama,PE,-7.8447,-79.1469,63.14,67,96,10.04,overcast clouds
566,Skegness,GB,53.1436,0.3363,52.05,74,4,17.58,clear sky
567,Sistranda,NO,63.7256,8.834,55.9,76,74,13.65,broken clouds
568,Kashiwazaki,JP,37.3667,138.55,62.89,79,0,7.54,clear sky
569,Jizan,SA,17.3333,42.6667,90.27,53,97,5.55,overcast clouds
570,Snyder,US,32.7179,-100.9176,96.1,25,1,8.05,clear sky
571,Mafinga,TZ,-7.25,35.0667,74.34,46,30,7.72,scattered clouds
572,Wuwei,CN,37.9281,102.6414,59.25,26,65,2.73,broken clouds
573,Moroto,UG,2.5345,34.6666,75.52,48,99,4.21,overcast clouds
574,Morehead,US,37.2711,-87.1764,88.14,52,1,0.0,clear sky
575,Sorong,ID,-0.8833,131.25,78.85,86,100,3.56,overcast clouds
576,Heihe,CN,50.2441,127.4902,43.38,68,7,10.47,clear sky
577,Finschhafen,PG,-6.6024,147.8681,78.96,85,97,10.25,light rain
578,Sinjai,ID,-5.1241,120.253,78.33,84,89,1.25,overcast clouds
579,Havelock,US,34.8791,-76.9013,84.43,75,75,3.0,broken clouds
580,Morgan City,US,29.6994,-91.2068,73.99,92,100,5.23,light rain
581,Nenjiang,CN,49.1833,125.2167,35.64,74,1,6.85,clear sky
582,Kampot,KH,10.6167,104.1833,78.85,84,16,2.3,light rain
583,Killybegs,IE,54.6333,-8.45,49.75,86,100,21.9,overcast clouds
584,Bubaque,GW,11.2833,-15.8333,81.66,72,100,9.13,overcast clouds
585,Adrar,MR,20.5022,-10.0711,95.25,10,0,9.78,clear sky
586,Padang,ID,-0.9492,100.3543,75.2,89,100,3.69,moderate rain
587,Shihezi,CN,44.3,86.0333,59.25,32,11,2.48,few clouds
588,Sabancuy,MX,18.9667,-91.1833,89.6,53,5,9.08,clear sky
589,Viransehir,TR,37.2353,39.7631,73.4,31,1,2.51,clear sky
590,Flinders,AU,-34.5833,150.8552,64.06,85,98,3.0,overcast clouds
591,Iracoubo,GF,5.4802,-53.2011,82.22,75,37,8.97,scattered clouds
592,Talara,PE,-4.5772,-81.2719,72.36,68,0,14.97,clear sky
593,Dustlik,UZ,40.5247,68.0358,59.23,44,0,1.1,clear sky
594,Sao Jose Da Coroa Grande,BR,-8.8978,-35.1478,75.29,87,95,8.66,overcast clouds
595,Seshcha,RU,53.7361,33.3387,40.33,82,100,3.91,overcast clouds
596,Sept-Iles,CA,50.2001,-66.3821,55.92,74,40,1.99,scattered clouds
597,San Policarpo,PH,12.1791,125.5072,78.53,88,100,4.63,heavy intensity rain
598,Muros,ES,42.7762,-9.0603,64.83,82,93,9.48,overcast clouds
599,Akdepe,TM,42.0551,59.3788,53.69,42,7,11.21,clear sky
600,Kanungu,UG,-0.9575,29.7897,62.04,90,78,3.47,broken clouds
601,Kathu,TH,7.9178,98.3332,75.02,82,59,6.29,broken clouds
602,Kingman,US,35.1894,-114.053,77.04,26,1,5.99,clear sky
603,Bonaventure,CA,48.0457,-65.4926,55.35,87,66,2.3,broken clouds
604,Quang Ngai,VN,15.1167,108.8,75.38,94,28,3.65,scattered clouds
605,Pastavy,BY,55.1168,26.8326,39.69,88,16,7.65,few clouds
606,Greenville,US,35.6127,-77.3663,83.28,58,40,3.44,scattered clouds
607,Barentu,ER,15.1139,37.5928,78.08,48,97,5.03,overcast clouds
608,Taunsa,PK,30.7048,70.6505,89.01,43,0,6.38,clear sky
609,Goure,NE,13.9835,10.2704,76.01,63,100,5.41,overcast clouds
610,Plainview,US,40.7765,-73.4673,69.89,52,90,1.99,overcast clouds
611,Marsa Matruh,EG,31.3525,27.2453,75.34,73,0,8.16,clear sky
612,Taman,RU,45.2117,36.7161,53.35,61,100,28.45,overcast clouds
613,Belaya Gora,RU,68.5333,146.4167,20.21,95,14,4.68,few clouds
614,Albina,SR,5.5,-54.05,81.21,75,97,5.32,overcast clouds
615,Buarcos,PT,40.166,-8.8768,63.82,93,87,14.18,overcast clouds
616,Merauke,ID,-8.4667,140.3333,77.56,88,94,9.86,overcast clouds
617,Kautokeino,NO,69.0125,23.0412,39.85,90,76,13.87,broken clouds
618,Riverton,US,40.5219,-111.9391,62.67,40,1,8.99,clear sky
619,Walajapet,IN,12.9333,79.3833,79.65,71,94,4.5,overcast clouds
620,Magadan,RU,59.5667,150.8,32.65,60,100,11.48,overcast clouds
621,Daru,PG,-9.0763,143.2092,78.13,89,76,15.41,broken clouds
622,Ciudad Bolivar,VE,8.1222,-63.5497,88.81,56,100,2.33,overcast clouds
623,Kholtoson,RU,50.2981,103.3097,19.9,90,5,2.8,clear sky
624,Bentiu,SS,9.2333,29.8333,70.41,93,100,7.14,overcast clouds
625,Naze,JP,28.3667,129.4833,77.4,80,33,15.5,scattered clouds
626,Soyo,AO,-6.1349,12.3689,76.35,81,61,7.58,broken clouds
627,Tinskoy,RU,56.1525,96.9161,27.73,96,7,4.09,clear sky
628,Bontang,ID,0.1333,117.5,76.91,90,61,3.31,broken clouds
629,Brokopondo,SR,4.75,-55.1667,87.69,56,34,1.9,scattered clouds
630,Marathon,US,44.9,-89.7668,78.33,49,1,9.22,clear sky
631,Sarakhs,IR,36.5449,61.1577,68.14,40,2,2.3,clear sky
632,Xiangfan,CN,32.0422,112.1448,66.63,79,1,2.01,light rain
633,Beloha,MG,-25.1667,45.05,73.71,69,100,5.79,overcast clouds
634,Numaran,MX,20.25,-101.9333,79.57,45,100,3.56,overcast clouds
635,Oistins,BB,13.0667,-59.5333,84.29,70,40,5.75,scattered clouds
636,San Ignacio,BZ,17.1561,-89.0714,91.54,66,20,6.91,few clouds
637,Concarneau,FR,47.875,-3.9225,52.57,67,33,0.92,scattered clouds
638,Haines Junction,CA,60.7522,-137.5108,37.35,60,99,1.14,overcast clouds
639,Waingapu,ID,-9.6567,120.2641,75.4,82,10,6.13,clear sky
640,Okitipupa,NG,6.5047,4.7839,74.23,96,97,2.39,overcast clouds
641,Katangli,RU,51.7102,143.2326,55.51,90,99,4.85,overcast clouds
642,Cap Malheureux,MU,-19.9842,57.6142,72.46,73,77,3.0,broken clouds
643,Kungurtug,RU,50.5994,97.5228,27.03,61,87,0.92,overcast clouds
644,Riyadh,SA,24.6877,46.7219,78.94,11,4,4.27,clear sky
645,Bitung,ID,1.4451,125.1824,76.05,84,100,9.64,light rain
646,Concordia,AR,-31.393,-58.0209,74.79,57,40,11.99,scattered clouds
647,Sola,VU,-13.8833,167.55,83.07,84,75,5.75,broken clouds
648,Cerritos,US,33.8583,-118.0648,86.79,62,40,5.99,scattered clouds
649,Kemijarvi,FI,66.7131,27.4306,46.2,80,100,4.65,overcast clouds
650,Sterling,US,39.0062,-77.4286,74.32,48,1,8.01,clear sky
651,Cheremukhovo,RU,60.3484,59.9851,29.68,90,7,2.93,clear sky
652,Nalut,LY,30.3333,10.85,78.93,41,0,15.99,clear sky
653,Sao Filipe,CV,14.8961,-24.4956,79.41,81,67,4.97,broken clouds
654,Ancud,CL,-41.8697,-73.8203,49.53,89,99,16.82,overcast clouds
655,Warrington,GB,53.3925,-2.5802,50.99,84,20,1.01,few clouds
656,Coihaique,CL,-45.5752,-72.0662,51.75,54,75,4.61,broken clouds
657,Nikolayevsk-Na-Amure,RU,53.1406,140.73,51.84,98,96,2.77,overcast clouds
658,Tuy Hoa,VN,13.0833,109.3,76.35,93,25,3.56,scattered clouds
659,Kitimat,CA,54.0524,-128.6534,52.18,40,100,0.87,light rain
660,San Javier,ES,37.8063,-0.8374,76.14,76,20,1.01,few clouds
661,Inirida,CO,3.8653,-67.9239,78.42,89,100,2.08,overcast clouds
662,Mirnyy,RU,62.5353,113.9611,26.2,91,68,3.0,broken clouds
663,Ust-Nera,RU,64.5667,143.2,18.57,70,69,5.73,broken clouds
664,Labis,MY,2.385,103.021,74.3,96,100,0.83,overcast clouds
665,Lyuban,BY,52.7985,28.0048,45.3,70,89,6.87,overcast clouds
666,Porto-Vecchio,FR,41.591,9.2795,67.66,73,0,8.05,clear sky
667,Lublin,PL,51.0,23.0,47.79,65,67,13.8,broken clouds
668,Pangai,TO,-19.8,-174.35,78.91,69,75,20.71,broken clouds
669,East Grinstead,GB,51.1238,-0.0061,51.53,83,0,4.0,clear sky
670,Gagarin,RU,55.5529,34.9954,39.87,89,100,3.74,overcast clouds
671,Rumonge,BI,-3.9736,29.4386,76.77,66,45,2.66,scattered clouds
672,Huangmei,CN,30.1924,116.025,69.03,86,0,5.19,light rain
673,Kerema,PG,-7.9631,145.7785,77.65,92,100,4.88,overcast clouds
674,Ulladulla,AU,-35.35,150.4667,63.88,94,100,3.87,overcast clouds
675,Khorixas,NA,-20.3667,14.9667,63.88,35,1,3.4,clear sky
676,Ranau,MY,5.9538,116.6641,68.65,97,99,1.1,overcast clouds
677,Grand Gaube,MU,-20.0064,57.6608,72.37,74,81,3.0,broken clouds
678,Boca Do Acre,BR,-8.7522,-67.3978,92.82,40,65,3.58,broken clouds
679,Goma,CD,-1.6792,29.2228,64.35,84,97,3.36,overcast clouds
680,Bintulu,MY,3.1667,113.0333,76.53,91,98,4.12,overcast clouds
681,Rancho Palos Verdes,US,33.7445,-118.387,83.93,73,20,7.0,few clouds
682,Tartagal,AR,-22.5164,-63.8013,89.11,35,55,8.37,broken clouds
683,Slave Lake,CA,55.2834,-114.769,64.38,27,40,6.91,scattered clouds
684,Mbeya,TZ,-8.9,33.45,62.29,65,84,5.26,broken clouds
685,Acara,BR,-1.9608,-48.1967,78.15,86,99,3.38,moderate rain
686,Balkhash,KZ,46.844,74.9804,53.73,55,5,5.79,clear sky
687,Moron,AR,-34.6534,-58.6198,69.94,73,1,5.01,clear sky
688,Maragogi,BR,-9.0122,-35.2225,74.98,87,96,8.84,overcast clouds
689,Asyut,EG,27.181,31.1837,78.13,36,0,8.61,clear sky
690,Klyuchi,RU,52.2667,79.1667,39.58,82,100,6.96,overcast clouds
691,Tubuala,PA,9.5167,-79.0333,82.51,80,96,3.98,overcast clouds
692,Mehamn,NO,71.0357,27.8492,37.35,100,0,4.61,clear sky
693,Hohhot,CN,40.8106,111.6522,50.29,57,0,4.47,clear sky
694,Impfondo,CG,1.6381,18.0667,73.56,83,78,1.72,light rain
695,Manaure,CO,11.7751,-72.4445,84.07,71,100,12.46,overcast clouds
696,Zhigalovo,RU,54.8097,105.1578,26.67,97,46,1.63,scattered clouds
697,Nizhniy Baskunchak,RU,48.2198,46.8311,46.2,54,7,7.58,clear sky
698,Tuban,ID,-6.8976,112.0649,77.11,84,94,5.91,overcast clouds
699,Ishigaki,JP,24.3448,124.1572,78.93,94,20,5.75,few clouds
700,Klenovyy,UA,48.1193,39.4588,41.76,60,9,6.29,clear sky
701,Gravdal,NO,68.1214,13.5031,53.28,87,0,1.14,clear sky
702,Floro,NO,61.5996,5.0328,57.27,71,40,6.91,scattered clouds
703,Roebourne,AU,-20.7833,117.1333,72.48,29,5,7.58,clear sky
